step	accuracy
0	0.761081874370575
1	0.8542449474334717
2	0.8910593390464783
3	0.9143500924110413
4	0.9241172075271606
5	0.9120961427688599
