step	loss
0	0.689200222492218
1	0.4547478258609772
2	0.329873651266098
3	0.24978841841220856
4	0.2387693226337433
5	0.279296875
