step	precision
0	0.86654132604599
1	0.8783570528030396
2	0.9078844785690308
3	0.9301242232322693
4	0.9367771744728088
5	0.9226604700088501
