step	recall
0	0.6927122473716736
1	0.8354620337486267
2	0.8737791180610657
3	0.9000751376152039
4	0.9128474593162537
5	0.8963185548782349
