{
    "train": {
        "loss": 0.279296875,
        "accuracy": 0.9120961427688599,
        "precision": 0.9226604700088501,
        "recall": 0.8963185548782349
    },
    "step": 5
}
