{
    "test_loss": 0.21144205331802368,
    "test_accuracy": 0.9285714030265808,
    "test_precision": 0.9420289993286133,
    "test_recall": 0.9285714030265808
}
